sample_name,k,fundamental_f1,harmonic_f1,combined_f1
changing_fundamental,1,0.8683,0.7829,0.8644
fundamental_opposite_harmonic,1,0.8789,0.7733,0.8895
fundamental_opposite_harmonic02,1,0.8860,0.7351,0.8557
fundamental_steps,1,0.7273,0.7168,0.7602
fundamental_steps02,1,0.8873,0.7969,0.9084
fundamental_steps03,1,0.8968,0.7611,0.9143
kargyraa,1,0.7027,0.0000,0.0000
khoomei,1,0.2061,0.2500,0.1515
overtone_scale,1,0.4789,0.6875,0.6500
overtone_scale_02,1,0.8609,0.6432,0.8060
overtone_singing_song,1,0.7353,0.7230,0.7930
paralel_overtones01,1,0.9375,0.7879,0.9007
paralel_overtones02,1,0.8899,0.6982,0.8455
sygyt,1,0.0567,0.4701,0.3021
sygyt_02,1,0.0000,0.6298,0.3760
changing_fundamental,2,0.8968,0.7500,0.8669
fundamental_opposite_harmonic,2,0.7947,0.7029,0.8185
fundamental_opposite_harmonic02,2,0.8208,0.6797,0.8012
fundamental_steps,2,0.7634,0.6667,0.7667
fundamental_steps02,2,0.6722,0.7200,0.7619
fundamental_steps03,2,0.8041,0.7382,0.8604
kargyraa,2,0.6772,0.0000,0.0000
khoomei,2,0.6842,0.1504,0.4568
overtone_scale,2,0.7368,0.7613,0.8102
overtone_scale_02,2,0.8712,0.6217,0.8087
overtone_singing_song,2,0.8019,0.6495,0.8071
paralel_overtones01,2,0.2062,0.2963,0.2456
paralel_overtones02,2,0.8857,0.6790,0.8362
sygyt,2,0.7826,0.2231,0.6483
sygyt_02,2,0.8378,0.6426,0.8102
changing_fundamental,3,0.9133,0.7649,0.8812
fundamental_opposite_harmonic,3,0.8544,0.7768,0.8769
fundamental_opposite_harmonic02,3,0.8700,0.7551,0.8529
fundamental_steps,3,0.7474,0.7709,0.7977
fundamental_steps02,3,0.8746,0.8047,0.9054
fundamental_steps03,3,0.8555,0.7834,0.9015
kargyraa,3,0.2105,0.1850,0.0941
khoomei,3,0.6960,0.2119,0.5100
overtone_scale,3,0.8374,0.8442,0.8964
overtone_scale_02,3,0.7960,0.6972,0.7860
overtone_singing_song,3,0.7775,0.7074,0.8091
paralel_overtones01,3,0.8667,0.7627,0.8527
paralel_overtones02,3,0.6848,0.7432,0.7507
sygyt,3,0.6716,0.3453,0.6100
sygyt_02,3,0.8173,0.6447,0.7982
changing_fundamental,4,0.9133,0.7596,0.8783
fundamental_opposite_harmonic,4,0.8708,0.7755,0.8861
fundamental_opposite_harmonic02,4,0.8761,0.7292,0.8450
fundamental_steps,4,0.8558,0.7314,0.8384
fundamental_steps02,4,0.8936,0.8031,0.9157
fundamental_steps03,4,0.8577,0.7702,0.8959
kargyraa,4,0.2564,0.1734,0.0941
khoomei,4,0.5463,0.2642,0.4529
overtone_scale,4,0.8810,0.8384,0.9238
overtone_scale_02,4,0.7627,0.7413,0.7871
overtone_singing_song,4,0.8094,0.7291,0.8379
paralel_overtones01,4,0.9434,0.7786,0.9000
paralel_overtones02,4,0.8177,0.7293,0.8142
sygyt,4,0.1683,0.4769,0.3695
sygyt_02,4,0.6877,0.6622,0.7312
changing_fundamental,5,0.9164,0.7606,0.8812
fundamental_opposite_harmonic,5,0.8815,0.7625,0.8864
fundamental_opposite_harmonic02,5,0.8761,0.7330,0.8471
fundamental_steps,5,0.8868,0.7093,0.8470
fundamental_steps02,5,0.8968,0.8063,0.9194
fundamental_steps03,5,0.8709,0.7669,0.9013
kargyraa,5,0.0994,0.2128,0.1176
khoomei,5,0.5972,0.3106,0.4781
overtone_scale,5,0.8810,0.8384,0.9238
overtone_scale_02,5,0.7867,0.7463,0.8028
overtone_singing_song,5,0.8260,0.7349,0.8504
paralel_overtones01,5,0.9434,0.7820,0.9007
paralel_overtones02,5,0.8571,0.7086,0.8283
sygyt,5,0.1776,0.5170,0.3977
sygyt_02,5,0.3716,0.6710,0.5709
changing_fundamental,6,0.9164,0.7622,0.8816
fundamental_opposite_harmonic,6,0.8815,0.7522,0.8811
fundamental_opposite_harmonic02,6,0.8860,0.7187,0.8458
fundamental_steps,6,0.8920,0.7011,0.8455
fundamental_steps02,6,0.8968,0.8047,0.9178
fundamental_steps03,6,0.8795,0.7729,0.9095
kargyraa,6,0.0455,0.2199,0.1222
khoomei,6,0.5025,0.3057,0.4207
overtone_scale,6,0.8664,0.8528,0.9227
overtone_scale_02,6,0.8086,0.7321,0.8072
overtone_singing_song,6,0.8287,0.7257,0.8480
paralel_overtones01,6,0.9554,0.7939,0.9137
paralel_overtones02,6,0.8732,0.6936,0.8315
sygyt,6,0.2071,0.5118,0.4106
sygyt_02,6,0.3934,0.6433,0.5649
changing_fundamental,7,0.9191,0.7579,0.8812
fundamental_opposite_harmonic,7,0.8894,0.7688,0.8904
fundamental_opposite_harmonic02,7,0.8850,0.7330,0.8521
fundamental_steps,7,0.8920,0.7011,0.8455
fundamental_steps02,7,0.8889,0.8031,0.9131
fundamental_steps03,7,0.8834,0.7712,0.9107
kargyraa,7,0.0341,0.2280,0.1322
khoomei,7,0.4949,0.3038,0.4337
overtone_scale,7,0.8689,0.8718,0.9291
overtone_scale_02,7,0.8308,0.7212,0.8151
overtone_singing_song,7,0.8360,0.7238,0.8516
paralel_overtones01,7,0.9427,0.7910,0.9039
paralel_overtones02,7,0.8878,0.6977,0.8424
sygyt,7,0.2413,0.4880,0.4144
sygyt_02,7,0.4295,0.6218,0.5704
changing_fundamental,8,0.9053,0.7687,0.8788
fundamental_opposite_harmonic,8,0.8756,0.7544,0.8789
fundamental_opposite_harmonic02,8,0.8839,0.7196,0.8456
fundamental_steps,8,0.8857,0.7045,0.8424
fundamental_steps02,8,0.8645,0.8000,0.8980
fundamental_steps03,8,0.8687,0.7652,0.8991
kargyraa,8,0.0114,0.1925,0.1067
khoomei,8,0.5294,0.3230,0.4692
overtone_scale,8,0.8571,0.8705,0.9277
overtone_scale_02,8,0.8039,0.7150,0.7968
overtone_singing_song,8,0.8141,0.7120,0.8326
paralel_overtones01,8,0.8369,0.7820,0.8409
paralel_overtones02,8,0.8837,0.6860,0.8347
sygyt,8,0.3363,0.4863,0.4661
sygyt_02,8,0.5061,0.6174,0.6068
changing_fundamental,9,0.8988,0.7660,0.8735
fundamental_opposite_harmonic,9,0.8750,0.7625,0.8826
fundamental_opposite_harmonic02,9,0.8778,0.7234,0.8440
fundamental_steps,9,0.8750,0.7045,0.8361
fundamental_steps02,9,0.8421,0.7937,0.8833
fundamental_steps03,9,0.8436,0.7598,0.8826
kargyraa,9,0.0114,0.1639,0.0909
khoomei,9,0.5981,0.2840,0.4943
overtone_scale,9,0.8696,0.8817,0.9430
overtone_scale_02,9,0.7888,0.7039,0.7831
overtone_singing_song,9,0.7952,0.7072,0.8179
paralel_overtones01,9,0.7634,0.7786,0.8016
paralel_overtones02,9,0.8868,0.6936,0.8392
sygyt,9,0.4394,0.4778,0.5211
sygyt_02,9,0.6575,0.6242,0.6921
changing_fundamental,10,0.8474,0.7703,0.8463
fundamental_opposite_harmonic,10,0.8480,0.7697,0.8673
fundamental_opposite_harmonic02,10,0.8396,0.7135,0.8179
fundamental_steps,10,0.8473,0.7011,0.8189
fundamental_steps02,10,0.7167,0.7711,0.8071
fundamental_steps03,10,0.7158,0.7522,0.8072
kargyraa,10,0.0339,0.1429,0.0907
khoomei,10,0.6301,0.2716,0.5098
overtone_scale,10,0.8571,0.8791,0.9362
overtone_scale_02,10,0.7360,0.7133,0.7552
overtone_singing_song,10,0.7252,0.6977,0.7720
paralel_overtones01,10,0.6102,0.7634,0.7197
paralel_overtones02,10,0.8762,0.6936,0.8329
sygyt,10,0.5227,0.4315,0.5486
sygyt_02,10,0.7811,0.6286,0.7665
changing_fundamental,11,0.8117,0.7687,0.8227
fundamental_opposite_harmonic,11,0.8304,0.7656,0.8592
fundamental_opposite_harmonic02,11,0.8098,0.7174,0.8032
fundamental_steps,11,0.8182,0.7159,0.8090
fundamental_steps02,11,0.6344,0.7480,0.7540
fundamental_steps03,11,0.6787,0.7544,0.7902
kargyraa,11,0.0455,0.1444,0.0971
khoomei,11,0.6425,0.2716,0.5181
overtone_scale,11,0.8529,0.8970,0.9499
overtone_scale_02,11,0.7212,0.6973,0.7394
overtone_singing_song,11,0.6902,0.6852,0.7464
paralel_overtones01,11,0.5983,0.7538,0.7089
paralel_overtones02,11,0.8276,0.6971,0.8056
sygyt,11,0.6010,0.3862,0.5776
sygyt_02,11,0.8184,0.6286,0.7894
changing_fundamental,12,0.6444,0.7714,0.7328
fundamental_opposite_harmonic,12,0.7493,0.7929,0.8264
fundamental_opposite_harmonic02,12,0.6629,0.7333,0.7294
fundamental_steps,12,0.7111,0.7045,0.7456
fundamental_steps02,12,0.5566,0.7521,0.7163
fundamental_steps03,12,0.5481,0.7560,0.7236
kargyraa,12,0.0674,0.1538,0.1130
khoomei,12,0.6393,0.2963,0.5266
overtone_scale,12,0.8276,0.8696,0.9362
overtone_scale_02,12,0.6503,0.6990,0.7007
overtone_singing_song,12,0.6209,0.7062,0.7038
paralel_overtones01,12,0.5321,0.7937,0.6696
paralel_overtones02,12,0.7553,0.6854,0.7586
sygyt,12,0.6185,0.3904,0.5905
sygyt_02,12,0.8232,0.6306,0.7935
changing_fundamental,13,0.6070,0.7810,0.7208
fundamental_opposite_harmonic,13,0.7236,0.7818,0.8082
fundamental_opposite_harmonic02,13,0.6512,0.7528,0.7289
fundamental_steps,13,0.7045,0.7126,0.7470
fundamental_steps02,13,0.5098,0.7718,0.7027
fundamental_steps03,13,0.5146,0.7560,0.7068
kargyraa,13,0.0698,0.1910,0.1337
khoomei,13,0.6393,0.2840,0.5210
overtone_scale,13,0.8077,0.8871,0.9440
overtone_scale_02,13,0.6032,0.6895,0.6717
overtone_singing_song,13,0.5788,0.7085,0.6763
paralel_overtones01,13,0.5455,0.8031,0.6756
paralel_overtones02,13,0.6932,0.6857,0.7267
sygyt,13,0.6520,0.3862,0.6117
sygyt_02,13,0.8289,0.6306,0.7971
changing_fundamental,14,0.4958,0.7971,0.6762
fundamental_opposite_harmonic,14,0.6424,0.7868,0.7732
fundamental_opposite_harmonic02,14,0.5513,0.7797,0.6943
fundamental_steps,14,0.6303,0.7241,0.7103
fundamental_steps02,14,0.4200,0.7745,0.6364
fundamental_steps03,14,0.4297,0.7648,0.6711
kargyraa,14,0.1788,0.2346,0.2102
khoomei,14,0.6140,0.2857,0.5057
overtone_scale,14,0.7852,0.8333,0.9202
overtone_scale_02,14,0.5616,0.6819,0.6456
overtone_singing_song,14,0.5038,0.7122,0.6337
paralel_overtones01,14,0.5000,0.8769,0.6606
paralel_overtones02,14,0.6460,0.7024,0.7138
sygyt,14,0.6519,0.3803,0.6108
sygyt_02,14,0.8337,0.6326,0.8012
changing_fundamental,15,0.4397,0.8087,0.6375
fundamental_opposite_harmonic,15,0.5825,0.8148,0.7479
fundamental_opposite_harmonic02,15,0.5135,0.7931,0.6755
fundamental_steps,15,0.5563,0.7030,0.6711
fundamental_steps02,15,0.4410,0.8034,0.6528
fundamental_steps03,15,0.4084,0.7517,0.6458
kargyraa,15,0.1750,0.2667,0.2257
khoomei,15,0.6359,0.2767,0.5170
overtone_scale,15,0.7222,0.8090,0.8982
overtone_scale_02,15,0.5089,0.6701,0.6073
overtone_singing_song,15,0.4455,0.7262,0.6079
paralel_overtones01,15,0.4800,0.8387,0.6280
paralel_overtones02,15,0.6323,0.7037,0.7023
sygyt,15,0.6667,0.3816,0.6221
sygyt_02,15,0.8337,0.6326,0.8012
changing_fundamental,16,0.3733,0.7870,0.6034
fundamental_opposite_harmonic,16,0.5329,0.8153,0.7164
fundamental_opposite_harmonic02,16,0.4672,0.7784,0.6431
fundamental_steps,16,0.5139,0.7239,0.6574
fundamental_steps02,16,0.3665,0.8299,0.6166
fundamental_steps03,16,0.3558,0.7586,0.6175
kargyraa,16,0.2775,0.2515,0.2695
khoomei,16,0.5905,0.2857,0.4899
overtone_scale,16,0.6027,0.6452,0.8000
overtone_scale_02,16,0.4855,0.6771,0.5922
overtone_singing_song,16,0.3689,0.7187,0.5616
paralel_overtones01,16,0.4242,0.8682,0.5686
paralel_overtones02,16,0.5655,0.7407,0.6851
sygyt,16,0.6122,0.4152,0.5990
sygyt_02,16,0.8345,0.6286,0.7994
